tourney_name,tournyey_level,tourney_date,surface,round,best_of,winner_name,loser_name,score,winner_rank,loser_rank,winner_rank_points,loser_rank_points
Madrid,WTA 1000,2026-05-01,Clay,SF,3,Alexander Zverev,Alexander Blockx,6-2 7-5,3,69,5255,814
Madrid,WTA 1000,2026-05-01,Clay,SF,3,Jannik Sinner,Arthur Fils,6-2 6-4,1,25,13350,1740
Madrid,WTA 1000,2026-04-30,Clay,QF,3,Alexander Zverev,Flavio Cobolli,6-1 6-4,3,13,5255,2600
Madrid,WTA 1000,2026-04-30,Clay,QF,3,Alexander Blockx,Casper Ruud,6-4 6-4,69,15,814,2535
Madrid,WTA 1000,2026-04-29,Clay,QF,3,Arthur Fils,Jiri Lehecka,6-3 6-4,25,14,1740,2540
Madrid,WTA 1000,2026-04-29,Clay,QF,3,Jannik Sinner,Rafael Jodar,6-2 7-6(0),1,42,13350,1080
Madrid,WTA 1000,2026-04-28,Clay,R16,3,Alexander Zverev,Jakub Mensik,6-4 6-7(4) 6-3,3,27,5255,1700
Madrid,WTA 1000,2026-04-28,Clay,R16,3,Flavio Cobolli,Daniil Medvedev,6-3 5-7 6-4,13,10,2600,3560
Madrid,WTA 1000,2026-04-28,Clay,R16,3,Alexander Blockx,Francisco Cerundolo,7-6(8) 6-2,69,20,814,1920
Madrid,WTA 1000,2026-04-28,Clay,R16,3,Rafael Jodar,Vit Kopriva,7-5 6-0,42,66,1080,826
Madrid,WTA 1000,2026-04-28,Clay,R16,3,Casper Ruud,Stefanos Tsitsipas,6-7(4) 7-6(2) 7-6(3),15,80,2535,715
Madrid,WTA 1000,2026-04-28,Clay,R16,3,Jiri Lehecka,Lorenzo Musetti,6-3 6-3,14,9,2540,3715
Madrid,WTA 1000,2026-04-28,Clay,R16,3,Jannik Sinner,Cameron Norrie,6-2 7-5,1,23,13350,1868
Madrid,WTA 1000,2026-04-28,Clay,R16,3,Arthur Fils,Tomas Martin Etcheverry,6-3 6-4,25,29,1740,1590
Madrid,WTA 1000,2026-04-27,Clay,R32,3,Jakub Mensik,Karen Khachanov,6-4 7-6(11),27,16,1700,2220
Madrid,WTA 1000,2026-04-27,Clay,R32,3,Alexander Zverev,Terence Atmane,6-3 7-6(2),3,47,5255,983
Madrid,WTA 1000,2026-04-27,Clay,R32,3,Flavio Cobolli,Adolfo Daniel Vallejo,6-3 6-2,13,96,2600,640
Madrid,WTA 1000,2026-04-27,Clay,R32,3,Alexander Blockx,Felix Auger Aliassime,7-6(3) 6-3,69,5,814,4100
Madrid,WTA 1000,2026-04-27,Clay,R32,3,Daniil Medvedev,Nicolai Budkov Kjaer,6-3 6-2,10,140,3560,451
Madrid,WTA 1000,2026-04-27,Clay,R32,3,Francisco Cerundolo,Luciano Darderi,6-2 6-3,20,22,1920,1870
Madrid,WTA 1000,2026-04-27,Clay,R32,3,Stefanos Tsitsipas,Daniel Merida Aguilar,6-4 6-2,80,102,715,632
Madrid,WTA 1000,2026-04-27,Clay,R32,3,Casper Ruud,Alejandro Davidovich Fokina,6-3 6-1,15,24,2535,1820
Madrid,WTA 1000,2026-04-26,Clay,R32,3,Rafael Jodar,Joao Fonseca,7-6(4) 4-6 6-1,42,31,1080,1415
Madrid,WTA 1000,2026-04-26,Clay,R32,3,Vit Kopriva,Arthur Rinderknech,6-4 3-6 ret.,66,26,826,1716
Madrid,WTA 1000,2026-04-26,Clay,R32,3,Cameron Norrie,Thiago Agustin Tirante,7-5 7-6(5),23,75,1868,765
Madrid,WTA 1000,2026-04-26,Clay,R32,3,Arthur Fils,Emilio Nava,7-6(2) 6-3,25,116,1740,549
Madrid,WTA 1000,2026-04-26,Clay,R32,3,Jannik Sinner,Elmer Moller,6-2 6-3,1,169,13350,364
Madrid,WTA 1000,2026-04-26,Clay,R32,3,Tomas Martin Etcheverry,Dino Prizmic,2-6 6-4 6-3,29,87,1590,670
Madrid,WTA 1000,2026-04-26,Clay,R32,3,Lorenzo Musetti,Tallon Griekspoor,6-4 7-5,9,33,3715,1340
Madrid,WTA 1000,2026-04-26,Clay,R32,3,Jiri Lehecka,Alex Michelsen,6-4 6-2,14,37,2540,1200
Madrid,WTA 1000,2026-04-25,Clay,R64,3,Stefanos Tsitsipas,Alexander Bublik,6-2 7-5,80,11,715,3445
Madrid,WTA 1000,2026-04-25,Clay,R64,3,Nicolai Budkov Kjaer,Denis Shapovalov,6-2 6-1,140,35,451,1210
Madrid,WTA 1000,2026-04-25,Clay,R64,3,Daniel Merida Aguilar,Corentin Moutet,6-3 6-4,102,30,632,1433
Madrid,WTA 1000,2026-04-25,Clay,R64,3,Daniil Medvedev,Fabian Marozsan,6-2 6-7(3) 6-4,10,50,3560,955
Madrid,WTA 1000,2026-04-25,Clay,R64,3,Adolfo Daniel Vallejo,Learner Tien,6-4 6-3,96,21,640,1885
Madrid,WTA 1000,2026-04-25,Clay,R64,3,Flavio Cobolli,Camilo Ugo Carabelli,6-7(7) 6-1 6-4,13,57,2600,865
Madrid,WTA 1000,2026-04-25,Clay,R64,3,Alexander Zverev,Mariano Navone,6-1 3-6 6-3,3,45,5255,1055
Madrid,WTA 1000,2026-04-25,Clay,R64,3,Felix Auger Aliassime,Vilius Gaubas,6-3 6-4,5,124,4100,503
Madrid,WTA 1000,2026-04-25,Clay,R64,3,Terence Atmane,Ugo Humbert,7-6(3) 7-6(5),47,34,983,1320
Madrid,WTA 1000,2026-04-25,Clay,R64,3,Alexander Blockx,Brandon Nakashima,3-6 6-3 6-4,69,32,814,1385
Madrid,WTA 1000,2026-04-25,Clay,R64,3,Jakub Mensik,Martin Damm,6-3 6-4,27,126,1700,499
Madrid,WTA 1000,2026-04-25,Clay,R64,3,Casper Ruud,Jaume Antoni Munar Clar,6-0 6-1,15,38,2535,1135
Madrid,WTA 1000,2026-04-25,Clay,R64,3,Luciano Darderi,Juan Manuel Cerundolo,6-1 6-3,22,67,1870,816
Madrid,WTA 1000,2026-04-25,Clay,R64,3,Karen Khachanov,Adam Walton,6-2 6-3,16,117,2220,547
Madrid,WTA 1000,2026-04-25,Clay,R64,3,Alejandro Davidovich Fokina,Pablo Carreno-Busta,6-3 6-3,24,94,1820,646
Madrid,WTA 1000,2026-04-25,Clay,R64,3,Francisco Cerundolo,Yannick Hanfmann,6-1 7-5,20,60,1920,857
Madrid,WTA 1000,2026-04-24,Clay,R64,3,Rafael Jodar,Alex De Minaur,6-3 6-1,42,8,1080,3845
Madrid,WTA 1000,2026-04-24,Clay,R64,3,Thiago Agustin Tirante,Tommy Paul,7-5 6-4,75,18,765,2065
Madrid,WTA 1000,2026-04-24,Clay,R64,3,Cameron Norrie,Tomas Machac,6-2 6-7(6) 7-6(5),23,41,1868,1080
Madrid,WTA 1000,2026-04-24,Clay,R64,3,Vit Kopriva,Andrey Rublev,6-3 6-4,66,12,826,2630
Madrid,WTA 1000,2026-04-24,Clay,R64,3,Tomas Martin Etcheverry,Sebastian Ofner,6-4 6-4,29,83,1590,698
Madrid,WTA 1000,2026-04-24,Clay,R64,3,Jannik Sinner,Benjamin Bonzi,6-7(6) 6-1 6-4,1,104,13350,616
Madrid,WTA 1000,2026-04-24,Clay,R64,3,Arthur Fils,Ignacio Buse,6-7(4) 7-6(3) 7-5,25,58,1740,864
Madrid,WTA 1000,2026-04-24,Clay,R64,3,Jiri Lehecka,Alejandro Tabilo,3-6 7-6(3) 6-4,14,43,2540,1068
Madrid,WTA 1000,2026-04-24,Clay,R64,3,Dino Prizmic,Ben Shelton,6-4 6-7(4) 7-6(5),87,6,670,4070
Madrid,WTA 1000,2026-04-24,Clay,R64,3,Elmer Moller,Gabriel Diallo,7-5 3-3 ret.,169,36,364,1200
Madrid,WTA 1000,2026-04-24,Clay,R64,3,Arthur Rinderknech,Dusan Lajovic,6-3 6-2,26,138,1716,451
Madrid,WTA 1000,2026-04-24,Clay,R64,3,Tallon Griekspoor,Damir Dzumhur,6-3 6-4,33,84,1340,694
Madrid,WTA 1000,2026-04-24,Clay,R64,3,Alex Michelsen,Jan-Lennard Struff,6-2 6-1,37,81,1200,709
Madrid,WTA 1000,2026-04-24,Clay,R64,3,Lorenzo Musetti,Hubert Hurkacz,6-4 7-6(4),9,63,3715,845
Madrid,WTA 1000,2026-04-24,Clay,R64,3,Emilio Nava,Valentin Vacherot,6-7(5) 7-6(1) 6-3,116,17,549,2168
Madrid,WTA 1000,2026-04-23,Clay,R128,3,Nicolai Budkov Kjaer,Reilly Opelka,5-3 ret.,140,70,451,803
Madrid,WTA 1000,2026-04-23,Clay,R128,3,Adam Walton,Martin Landaluce,6-2 6-3,117,99,547,634
Madrid,WTA 1000,2026-04-23,Clay,R128,3,Daniel Merida Aguilar,Marco Trungelliti,6-4 1-6 7-6(6),102,77,632,737
Madrid,WTA 1000,2026-04-23,Clay,R128,3,Camilo Ugo Carabelli,Gael Monfils,6-3 6-4,57,200,865,290
Madrid,WTA 1000,2026-04-23,Clay,R128,3,Juan Manuel Cerundolo,Daniel Altmaier,6-4 6-4,67,55,816,880
Madrid,WTA 1000,2026-04-23,Clay,R128,3,Vilius Gaubas,Sebastian Baez,7-5 6-1,124,64,503,840
Madrid,WTA 1000,2026-04-23,Clay,R128,3,Stefanos Tsitsipas,Patrick Kypson,3-6 7-6(6) 7-6(4),80,90,715,653
Madrid,WTA 1000,2026-04-23,Clay,R128,3,Adolfo Daniel Vallejo,Grigor Dimitrov,6-4 6-4,96,137,640,455
Madrid,WTA 1000,2026-04-23,Clay,R128,3,Martin Damm,Alexei Popyrin,7-6(7) 6-4,126,56,499,870
Madrid,WTA 1000,2026-04-23,Clay,R128,3,Mariano Navone,Nuno Borges,6-3 6-4,45,49,1055,970
Madrid,WTA 1000,2026-04-23,Clay,R128,3,Jaume Antoni Munar Clar,Alexander Shevchenko,6-4 6-1,38,82,1135,704
Madrid,WTA 1000,2026-04-23,Clay,R128,3,Fabian Marozsan,Ethan Quinn,7-6(5) 7-6(6),50,48,955,977
Madrid,WTA 1000,2026-04-23,Clay,R128,3,Yannick Hanfmann,Marcos Giron,6-4 6-7(3) 7-5,60,76,857,750
Madrid,WTA 1000,2026-04-23,Clay,R128,3,Alexander Blockx,Cristian Garin,4-6 7-5 7-5,69,85,814,679
Madrid,WTA 1000,2026-04-23,Clay,R128,3,Terence Atmane,Miomir Kecmanovic,6-4 7-5,47,65,983,835
Madrid,WTA 1000,2026-04-23,Clay,R128,3,Pablo Carreno-Busta,Marton Fucsovics,4-6 7-6(5) 6-2,94,54,646,887
Madrid,WTA 1000,2026-04-22,Clay,R128,3,Alejandro Tabilo,Valentin Royer,6-2 6-4,43,72,1068,794
Madrid,WTA 1000,2026-04-22,Clay,R128,3,Rafael Jodar,Jesper De Jong,2-6 7-5 6-4,42,109,1080,588
Madrid,WTA 1000,2026-04-22,Clay,R128,3,Tomas Machac,Francisco Comesana,3-6 7-6(3) 6-3,41,105,1080,610
Madrid,WTA 1000,2026-04-22,Clay,R128,3,Benjamin Bonzi,Titouan Droguet,6-7(4) 7-6(4) 6-4,104,113,616,571
Madrid,WTA 1000,2026-04-22,Clay,R128,3,Hubert Hurkacz,Jaime Faria,6-3 6-3,63,136,845,459
Madrid,WTA 1000,2026-04-22,Clay,R128,3,Elmer Moller,Federico Cina,6-4 7-6(4),169,205,364,285
Madrid,WTA 1000,2026-04-22,Clay,R128,3,Thiago Agustin Tirante,Roberto Bautista Agut,6-2 6-4,75,93,765,649
Madrid,WTA 1000,2026-04-22,Clay,R128,3,Sebastian Ofner,Nikoloz Basilashvili,7-6(5) 7-6(0),83,120,698,516
Madrid,WTA 1000,2026-04-22,Clay,R128,3,Dusan Lajovic,Lorenzo Sonego,6-3 7-6(1),138,62,451,850
Madrid,WTA 1000,2026-04-22,Clay,R128,3,Jan-Lennard Struff,Alexandre Muller,7-6(3) 6-0,81,95,709,641
Madrid,WTA 1000,2026-04-22,Clay,R128,3,Dino Prizmic,Matteo Berrettini,6-3 6-4,87,92,670,650
Madrid,WTA 1000,2026-04-22,Clay,R128,3,Damir Dzumhur,Mattia Bellucci,6-2 6-4,84,78,694,734
Madrid,WTA 1000,2026-04-22,Clay,R128,3,Ignacio Buse,Adrian Mannarino,6-4 6-2,58,46,864,1025
Madrid,WTA 1000,2026-04-22,Clay,R128,3,Vit Kopriva,Zhizhen Zhang,6-2 6-0,66,245,826,230
Madrid,WTA 1000,2026-04-22,Clay,R128,3,Emilio Nava,Jenson Brooksby,6-3 7-5,116,61,549,852
Madrid,WTA 1000,2026-04-22,Clay,R128,3,Marin Cilic,Zizou Bergs,4-6 6-3 6-4,51,44,950,1060
